<license version="1.2">
   <issuer>Carrot Search s.c.</issuer>
   <!-- Dates follow: dd-mm-yyyy (day, month, year) format convention. -->
   <issued>04-12-2015</issued>
   <expires>never</expires>
   <maintenance-expires>04-01-2018</maintenance-expires>
   <licensee>
     Alexion Pharmaceuticals, Inc.
     352 Knotter Drive
     Cheshire CT 06410
     USA

     PO ref.: #4700049774
     Maintenance extension: Jan 4, 2017
   </licensee>
   <products>
      <product>
         <name>Lingo3G</name>
         <attribute name="license-type">Full Server</attribute>
         <attribute name="deployment-servers">1</attribute>
      </product>
      <product>
         <name>Lingo3G.NET</name>
      </product>
      <product>
         <name>Circles</name>
      </product>
      <product>
         <name>FoamTree</name>
      </product>
   </products>
</license><?signature 00a595fff8e82c03b81f7c760b1d390b7abdb9cdbd/035d5063dddaaf554117dbfe732df3d84d153ebd?>